time_s,readback_raw_V,guardian_V,pin00_V,pin01_V,pin02_V,pin03_V,pin04_V,pin05_V,pin06_V,pin07_V
0.1000,0.116694,0.1167,-0.8443,0.0000,0.0000,0.0000,0.0000,0.0000,0.0000,0.0000
0.2000,0.116694,0.1167,-0.6845,0.0000,0.0000,0.0000,0.0000,0.0000,0.0000,0.0000
0.3000,0.116694,0.1167,0.2487,0.0000,0.0000,0.0000,0.0000,0.0000,0.0000,0.0000
0.4000,0.116694,0.1167,-0.7705,0.0000,0.0000,0.0000,0.0000,0.0000,0.0000,0.0000
0.5000,0.116694,0.1167,-0.9823,0.0000,0.0000,0.0000,0.0000,0.0000,0.0000,0.0000
0.6000,0.116694,0.1167,-0.5878,0.0000,0.0000,0.0000,0.0000,0.0000,0.0000,0.0000
0.7000,-0.088048,-0.0880,0.6845,0.0000,0.0000,0.0000,0.0000,0.0000,0.0000,0.0000
