time_s,readback_raw_V,guardian_V,pin00_V,pin01_V,pin02_V,pin03_V,pin04_V,pin05_V,pin06_V,pin07_V
0.1000,0.123327,0.1233,0.4818,0.0000,0.0000,0.0000,0.0000,0.0000,0.0000,0.0000
0.2000,0.123327,0.1233,0.1253,0.0000,0.0000,0.0000,0.0000,0.0000,0.0000,0.0000
0.3000,0.123327,0.1233,-0.1253,0.0000,0.0000,0.0000,0.0000,0.0000,0.0000,0.0000
0.4000,0.123290,0.1233,-0.7290,0.0000,0.0000,0.0000,0.0000,0.0000,0.0000,0.0000
0.5000,0.123290,0.1233,-0.8763,0.0000,0.0000,0.0000,0.0000,0.0000,0.0000,0.0000
